source,target,value
6:00AM to 7:00AM,6:00AM to 7:00AM,1
6:00AM to 7:00AM,7:00AM to 8:00AM,1
6:00AM to 7:00AM,9:00AM to 10:00AM,1
7:00AM to 8:00AM,10:00AM to 11:00AM,1
7:00AM to 8:00AM,2:00PM to 3:00PM,1
7:00AM to 8:00AM,3:00PM to 4:00PM,1
7:00AM to 8:00AM,4:00PM to 5:00PM,1
9:00AM to 10:00AM,3:00PM to 4:00PM,1
9:00AM to 10:00AM,6:00PM to 7:00PM,1
10:00AM to 11:00AM,3:00PM to 4:00PM,1
11:00AM to 12:00PM,4:00PM to 5:00PM,1
12:00PM to 1:00PM,5:00PM to 6:00PM,1
1:00PM to 2:00PM,6:00PM to 7:00PM,1
2:00PM to 3:00PM,6:00PM to 7:00PM,1
5:00PM to 6:00PM,9:00PM to 10:00PM,1
6:00PM to 7:00PM,8:00PM to 9:00PM,1
9:00PM to 10:00PM,9:00PM to 10:00PM,1
9:00PM to 10:00PM,10:00PM to 11:00PM,1
10:00PM to 11:00PM,10:00PM to 11:00PM,1
7:00AM to 8:00AM,12:00PM to 1:00PM,2
8:00AM to 9:00AM,1:00PM to 2:00PM,2
8:00AM to 9:00AM,2:00PM to 3:00PM,2
8:00AM to 9:00AM,3:00PM to 4:00PM,2
9:00AM to 10:00AM,4:00PM to 5:00PM,2
10:00AM to 11:00AM,2:00PM to 3:00PM,2
11:00AM to 12:00PM,3:00PM to 4:00PM,2
12:00PM to 1:00PM,4:00PM to 5:00PM,2
1:00PM to 2:00PM,5:00PM to 6:00PM,2
5:00PM to 6:00PM,8:00PM to 9:00PM,2
7:00AM to 8:00AM,9:00AM to 10:00AM,3
8:00AM to 9:00AM,4:00PM to 5:00PM,3
9:00AM to 10:00AM,1:00PM to 2:00PM,3
9:00AM to 10:00AM,2:00PM to 3:00PM,3
7:00PM to 8:00PM,8:00PM to 9:00PM,3
8:00PM to 9:00PM,8:00PM to 9:00PM,3
12:00PM to 1:00PM,3:00PM to 4:00PM,4
3:00PM to 4:00PM,6:00PM to 7:00PM,4
4:00PM to 5:00PM,6:00PM to 7:00PM,4
6:00PM to 7:00PM,6:00PM to 7:00PM,4
7:00PM to 8:00PM,7:00PM to 8:00PM,4
8:00AM to 9:00AM,11:00AM to 12:00PM,5
8:00AM to 9:00AM,12:00PM to 1:00PM,5
6:00PM to 7:00PM,9:00PM to 10:00PM,5
7:00AM to 8:00AM,8:00AM to 9:00AM,6
3:00PM to 4:00PM,5:00PM to 6:00PM,6
6:00PM to 7:00PM,7:00PM to 8:00PM,6
5:00PM to 6:00PM,7:00PM to 8:00PM,7
9:00AM to 10:00AM,12:00PM to 1:00PM,8
11:00AM to 12:00PM,2:00PM to 3:00PM,8
1:00PM to 2:00PM,4:00PM to 5:00PM,8
4:00PM to 5:00PM,5:00PM to 6:00PM,8
5:00PM to 6:00PM,5:00PM to 6:00PM,8
10:00AM to 11:00AM,1:00PM to 2:00PM,9
8:00AM to 9:00AM,10:00AM to 11:00AM,10
5:00PM to 6:00PM,6:00PM to 7:00PM,10
7:00AM to 8:00AM,7:00AM to 8:00AM,14
2:00PM to 3:00PM,4:00PM to 5:00PM,14
1:00PM to 2:00PM,3:00PM to 4:00PM,16
10:00AM to 11:00AM,12:00PM to 1:00PM,17
8:00AM to 9:00AM,8:00AM to 9:00AM,20
3:00PM to 4:00PM,4:00PM to 5:00PM,20
4:00PM to 5:00PM,4:00PM to 5:00PM,20
8:00AM to 9:00AM,9:00AM to 10:00AM,25
12:00PM to 1:00PM,2:00PM to 3:00PM,28
9:00AM to 10:00AM,9:00AM to 10:00AM,30
9:00AM to 10:00AM,11:00AM to 12:00PM,30
9:00AM to 10:00AM,10:00AM to 11:00AM,31
2:00PM to 3:00PM,3:00PM to 4:00PM,41
3:00PM to 4:00PM,3:00PM to 4:00PM,41
10:00AM to 11:00AM,10:00AM to 11:00AM,46
2:00PM to 3:00PM,2:00PM to 3:00PM,46
10:00AM to 11:00AM,11:00AM to 12:00PM,51
11:00AM to 12:00PM,1:00PM to 2:00PM,62
1:00PM to 2:00PM,2:00PM to 3:00PM,63
11:00AM to 12:00PM,11:00AM to 12:00PM,112
1:00PM to 2:00PM,1:00PM to 2:00PM,121
12:00PM to 1:00PM,1:00PM to 2:00PM,199
11:00AM to 12:00PM,12:00PM to 1:00PM,204
12:00PM to 1:00PM,12:00PM to 1:00PM,227
